date,tmin,tmax,tavg,prcp,snow_rain,wdir,wspd,wind_speed,wind_classification,pres,sunset_time,sunrise_time,daylight_hours
01.01.2014,-7.1,-1.6,-4.4,0,no,291,15.1,4.2,comfortable wind,1026.8,7:13:26,16:22:59,9h 9m 33s
02.01.2014,-16.6,-3.2,-6.4,9.7,moderate snow,13,28.1,7.8,uncomfortable wind,1021.2,7:13:27,16:23:53,9h 10m 26s
03.01.2014,-16.6,-9.9,-14.2,4.8,light snow,336,27.4,7.6,uncomfortable wind,1016,7:13:27,16:24:48,9h 11m 21s
04.01.2014,-16.6,-2.7,-12,0,no,,19.8,5.5,comfortable wind,1028.9,7:13:24,16:25:45,9h 12m 21s
05.01.2014,-4.3,3.3,-1.7,1,light snow,,13,3.6,comfortable wind,1023.9,7:13:19,16:26:44,9h 13m 25s
06.01.2014,-1.6,13.3,6.8,8.1,moderate rain,,22.3,6.2,uncomfortable wind,,7:13:11,16:27:44,9h 14m 33s
07.01.2014,-12.7,-1.6,-6.3,0,no,272,31.7,8.8,uncomfortable wind,,7:13:01,16:28:45,9h 15m 44s
08.01.2014,-13.8,-5.5,-10.6,0,no,256,20.5,5.7,uncomfortable wind,1029,7:12:48,16:29:48,9h 17m 0s
09.01.2014,-7.1,-1,-5.2,0,no,,13.7,3.8,comfortable wind,1034.7,7:12:33,16:30:51,9h 18m 18s
10.01.2014,-7.7,2.8,-3.8,0.5,light snow,185,7.9,2.2,comfortable wind,1031.4,7:12:16,16:31:57,9h 19m 41s
11.01.2014,1.1,15,6.2,13.7,moderate rain,,18.4,5.1,comfortable wind,1008.8,7:11:56,16:33:03,9h 21m 7s
12.01.2014,2.8,12.2,8.8,0,no,269,25.9,7.2,uncomfortable wind,1002.2,7:11:34,16:34:10,9h 22m 36s
13.01.2014,-0.5,10.6,4.6,0,no,215,18.4,5.1,comfortable wind,1017,7:11:10,16:35:19,9h 24m 9s
14.01.2014,6.7,10,8.3,20.1,heavy rain,,12.6,3.5,comfortable wind,,7:10:44,16:36:28,9h 25m 44s
15.01.2014,1.7,8.9,6.1,0,no,,10.4,2.9,comfortable wind,1013.6,7:10:15,16:37:39,9h 27m 24s
16.01.2014,0.6,3.9,2.8,0,no,,5,1.4,comfortable wind,,7:09:44,16:38:50,9h 29m 6s
17.01.2014,0.6,7.8,4,0,no,,12.6,3.5,comfortable wind,,7:09:11,16:40:02,9h 30m 51s
18.01.2014,0,3.3,1.8,20.1,heavy rain,,11.2,3.1,comfortable wind,,7:08:35,16:41:15,9h 32m 40s
19.01.2014,-1,1.7,0.4,0.8,light rain,243,23.8,6.6,uncomfortable wind,1003.6,7:07:57,16:42:28,9h 34m 31s
20.01.2014,-3.2,5,1.6,0,no,242,24.1,6.7,uncomfortable wind,1002.4,7:07:18,16:43:42,9h 36m 24s
21.01.2014,-11.6,-3.2,-6.6,2.8,light snow,349,18.7,5.2,comfortable wind,1015.4,7:06:36,16:44:57,9h 38m 21s
22.01.2014,-13.8,-7.7,-11.3,0,no,334,26.6,7.4,uncomfortable wind,,7:05:52,16:46:12,9h 40m 20s
23.01.2014,-14.3,-5.5,-10.9,0,no,289,20.5,5.7,uncomfortable wind,1016.6,7:05:06,16:47:28,9h 42m 22s
24.01.2014,-13.8,-7.1,-10.7,0,no,270,22,6.1,uncomfortable wind,1022.1,7:04:18,16:48:44,9h 44m 26s
25.01.2014,-9.3,3.3,-4.3,0,no,212,27.7,7.7,uncomfortable wind,1004.3,7:03:27,16:50:01,9h 46m 34s
26.01.2014,-8.8,-3.2,-5.6,0,no,251,25.2,7.0,uncomfortable wind,1005.6,7:02:35,16:51:18,9h 48m 43s
27.01.2014,-6,8.3,-0.5,0.5,light snow,232,22.3,6.2,uncomfortable wind,1006.6,7:01:41,16:52:35,9h 50m 54s
28.01.2014,-10.5,-6,-7.4,0,no,,20.5,5.7,uncomfortable wind,1023.2,7:00:46,16:53:53,9h 53m 7s
29.01.2014,-9.3,-2.7,-6.9,0.3,light snow,,15.8,4.4,comfortable wind,1019.5,6:59:48,16:55:11,9h 55m 23s
30.01.2014,-8.8,-1,-5.4,0,no,246,15.8,4.4,comfortable wind,1027.1,6:58:48,16:56:29,9h 57m 41s
31.01.2014,-5.5,6.1,-1.1,0,no,243,14.8,4.1,comfortable wind,1019.2,6:57:47,16:57:47,10h 0m 0s
01.02.2014,0,5.6,3.3,0,no,,13.3,3.7,comfortable wind,1024.2,6:56:44,16:59:05,10h 2m 21s
02.02.2014,-0.5,12.8,4.4,0.5,light rain,,10.8,3.0,comfortable wind,1013.8,6:55:39,17:00:24,10h 4m 45s
03.02.2014,-2.7,5,2.4,4.3,light rain,0,14.8,4.1,comfortable wind,1021.7,6:54:33,17:01:42,10h 7m 9s
04.02.2014,-4.9,1.7,-1.8,0,no,,9.7,2.7,comfortable wind,1028.8,6:53:25,17:03:00,10h 9m 35s
05.02.2014,-4.3,0.6,-0.7,28.2,heavy snow,59,17.3,4.8,comfortable wind,1014.4,6:52:15,17:04:19,10h 12m 4s
06.02.2014,-7.1,-2.1,-4.8,0,no,,12.6,3.5,comfortable wind,1021.8,6:51:04,17:05:37,10h 14m 33s
07.02.2014,-7.1,-1,-4.3,0,no,259,17.3,4.8,comfortable wind,1022.8,6:49:51,17:06:55,10h 17m 4s
08.02.2014,-7.7,-1.6,-4.2,0,no,272,16.2,4.5,comfortable wind,1023.2,6:48:37,17:08:13,10h 19m 36s
09.02.2014,-6,-1,-3.5,0.8,light snow,,12.2,3.4,comfortable wind,1018.9,6:47:21,17:09:31,10h 22m 10s
10.02.2014,-6.6,-1,-3.6,0,no,297,18.7,5.2,comfortable wind,1016.9,6:46:04,17:10:49,10h 24m 45s
11.02.2014,-9.9,-3.8,-6.4,0,no,303,16.6,4.6,comfortable wind,1025.8,6:44:46,17:12:07,10h 27m 21s
12.02.2014,-13.2,-4.9,-8.6,0,no,7,12.2,3.4,comfortable wind,1032.7,6:43:26,17:13:25,10h 29m 59s
13.02.2014,-6,2.2,-1.6,34.3,heavy snow,68,32,8.9,uncomfortable wind,1012.1,6:42:05,17:14:42,10h 32m 37s
14.02.2014,-1.6,2.8,1.1,7.9,moderate rain,287,29.5,8.2,uncomfortable wind,,6:40:43,17:15:59,10h 35m 16s
15.02.2014,-2.7,1.7,-0.1,8.4,moderate snow,,15.5,4.3,comfortable wind,1006.4,6:39:19,17:17:16,10h 37m 57s
16.02.2014,-4.9,0.6,-1.9,0.5,light snow,292,26.6,7.4,uncomfortable wind,1006.7,6:37:54,17:18:33,10h 40m 39s
17.02.2014,-9.9,-1.6,-5.3,0,no,319,23.8,6.6,uncomfortable wind,1022.8,6:36:28,17:19:49,10h 43m 21s
18.02.2014,-9.9,1.7,-4.7,5.6,moderate snow,2,16.9,4.7,comfortable wind,1020.7,6:35:01,17:21:06,10h 46m 5s
19.02.2014,-6,2.2,-1.7,6.4,moderate snow,,13,3.6,comfortable wind,1013.3,6:33:33,17:22:21,10h 48m 48s
20.02.2014,0.6,8.9,3.7,2,light rain,251,15.1,4.2,comfortable wind,1019.6,6:32:04,17:23:37,10h 51m 33s
21.02.2014,1.1,6.7,2.8,5.6,moderate rain,,14.4,4.0,comfortable wind,1014.2,6:30:34,17:24:52,10h 54m 18s
22.02.2014,1.1,10,5.3,0,no,223,23,6.4,uncomfortable wind,1012.8,6:29:03,17:26:08,10h 57m 5s
23.02.2014,1.1,11.1,5.9,0,no,216,9.7,2.7,comfortable wind,1012.9,6:27:31,17:27:22,10h 59m 51s
24.02.2014,-4.3,7.2,3.3,0,no,282,26.3,7.3,uncomfortable wind,1009.1,6:25:58,17:28:37,11h 2m 39s
25.02.2014,-5.5,-1.6,-3.7,0,no,278,16.9,4.7,comfortable wind,1013.9,6:24:24,17:29:51,11h 5m 27s
26.02.2014,-8.8,0,-4.7,0,no,259,18.7,5.2,comfortable wind,1011.3,6:22:50,17:31:05,11h 8m 15s
27.02.2014,-11,-1,-6.6,0.5,light snow,,19.1,5.3,comfortable wind,1007.5,6:21:15,17:32:19,11h 11m 4s
28.02.2014,-12.1,-3.8,-7.7,0,no,282,19.1,5.3,comfortable wind,1024,6:19:38,17:33:32,11h 13m 54s
01.03.2014,-8.8,2.2,-4.4,0,no,,13,3.6,comfortable wind,1026.7,6:18:02,17:34:45,11h 16m 43s
02.03.2014,-1,4.4,1.2,0,no,,11.2,3.1,comfortable wind,1016.7,6:16:24,17:35:58,11h 19m 34s
03.03.2014,-8.8,-1,-4.1,0,no,341,18.7,5.2,comfortable wind,1020.3,6:14:46,17:37:10,11h 22m 24s
04.03.2014,-11,-0.5,-6.6,0,no,281,13,3.6,comfortable wind,1026.4,6:13:07,17:38:22,11h 25m 15s
05.03.2014,-6.6,-1.6,-3.2,0,no,1,15.5,4.3,comfortable wind,1026.8,6:11:28,17:39:34,11h 28m 6s
06.03.2014,-11.6,-3.8,-7,0,no,,11.9,3.3,comfortable wind,1035.5,6:09:48,17:40:46,11h 30m 58s
07.03.2014,-8.8,1.1,-3.7,0,no,,7.6,2.1,comfortable wind,1025.7,6:08:08,17:41:57,11h 33m 49s
08.03.2014,-2.7,12.8,3.1,0,no,,12.2,3.4,comfortable wind,1009.3,6:06:27,17:43:08,11h 36m 41s
09.03.2014,-1,6.1,2.6,0,no,,16.9,4.7,comfortable wind,,7:04:49,18:44:16,11h 39m 27s
10.03.2014,-2.1,6.7,1.7,0.8,light rain,220,13,3.6,comfortable wind,1008.7,7:03:08,18:45:27,11h 42m 19s
11.03.2014,1.1,15.6,6.7,0,no,249,13.7,3.8,comfortable wind,1001.9,7:01:26,18:46:37,11h 45m 11s
12.03.2014,2.8,7.8,5.7,10.9,moderate rain,,7.9,2.2,comfortable wind,997.7,6:59:43,18:47:48,11h 48m 5s
13.03.2014,-8.2,2.8,-2.3,1.5,light snow,319,29.5,8.2,uncomfortable wind,,6:58:00,18:48:57,11h 50m 57s
14.03.2014,-8.8,3.9,-4.3,0,no,,22.7,6.3,uncomfortable wind,1017.5,6:56:17,18:50:07,11h 53m 50s
15.03.2014,3.3,13.9,6.5,0.3,light rain,242,23.4,6.5,uncomfortable wind,1008.2,6:54:34,18:51:17,11h 56m 43s
16.03.2014,-4.9,2.8,1.5,0,no,295,26.3,7.3,uncomfortable wind,1018,6:52:50,18:52:26,11h 59m 36s
17.03.2014,-8.8,-2.7,-5.1,0,no,,13.3,3.7,comfortable wind,1020.7,6:51:06,18:53:35,12h 2m 29s
18.03.2014,-6.6,0.6,-2.9,0,no,,13.3,3.7,comfortable wind,1025.9,6:49:22,18:54:44,12h 5m 22s
19.03.2014,-2.7,5,0.4,0,no,77,16.6,4.6,comfortable wind,1025.3,6:47:38,18:55:53,12h 8m 15s
20.03.2014,2.8,11.1,5.4,7.4,moderate rain,294,19.4,5.4,comfortable wind,1006.3,6:45:54,18:57:02,12h 11m 8s
21.03.2014,1.1,7.2,4.3,0,no,273,27,7.5,uncomfortable wind,1010.8,6:44:09,18:58:10,12h 14m 1s
22.03.2014,-2.1,13.9,4.3,0,no,241,22.7,6.3,uncomfortable wind,1012.1,6:42:25,18:59:19,12h 16m 54s
23.03.2014,-5.5,6.7,3.8,0,no,284,20.9,5.8,uncomfortable wind,1014.5,6:40:41,19:00:27,12h 19m 46s
24.03.2014,-8.2,0.6,-3.8,0,no,324,20.5,5.7,uncomfortable wind,1019.8,6:38:56,19:01:35,12h 22m 39s
25.03.2014,-6,3.9,-1.5,0,no,226,16.2,4.5,comfortable wind,1018.8,6:37:12,19:02:43,12h 25m 31s
26.03.2014,-4.3,1.7,0,0,no,349,41.8,11.6,uncomfortable wind,1007,6:35:28,19:03:51,12h 28m 23s
27.03.2014,-6,7.8,-0.9,0,no,268,23,6.4,uncomfortable wind,1023.6,6:33:43,19:04:59,12h 31m 16s
28.03.2014,1.7,15.6,6.7,0.5,light rain,216,23,6.4,uncomfortable wind,1018.8,6:31:59,19:06:07,12h 34m 8s
29.03.2014,3.9,11.1,8.6,24.6,heavy rain,,20.2,5.6,uncomfortable wind,1020.9,6:30:16,19:07:15,12h 36m 59s
30.03.2014,2.2,6.1,4.6,56.6,heavy rain,15,27.7,7.7,uncomfortable wind,,6:28:32,19:08:23,12h 39m 51s
31.03.2014,1.1,5.6,2.4,11.2,moderate rain,2,21.6,6.0,uncomfortable wind,,6:26:48,19:09:30,12h 42m 42s
01.04.2014,1.1,8.3,4.7,0,no,,15.5,4.3,comfortable wind,1017.4,6:25:05,19:10:38,12h 45m 33s
02.04.2014,2.8,7.8,5.6,0,no,,9,2.5,comfortable wind,1018.7,6:23:22,19:11:45,12h 48m 23s
03.04.2014,1.1,12.2,5.9,0,no,,15.1,4.2,comfortable wind,1018.5,6:21:40,19:12:53,12h 51m 13s
04.04.2014,2.8,6.7,4.3,6.6,moderate rain,,18,5.0,comfortable wind,1019.3,6:19:58,19:14:01,12h 54m 3s
05.04.2014,3.3,12.2,6.2,5.8,moderate rain,309,21.6,6.0,uncomfortable wind,1008.3,6:18:16,19:15:08,12h 56m 52s
06.04.2014,1.7,15,6.7,0,no,283,14,3.9,comfortable wind,1018.1,6:16:34,19:16:16,12h 59m 42s
07.04.2014,3.3,15,9.2,1,light rain,,12.2,3.4,comfortable wind,1021.3,6:14:53,19:17:23,13h 2m 30s
08.04.2014,6.1,18.3,11.1,17,moderate rain,,21.6,6.0,uncomfortable wind,998.8,6:13:13,19:18:31,13h 5m 18s
09.04.2014,5,15,10.1,0,no,302,21.2,5.9,uncomfortable wind,1004,6:11:33,19:19:38,13h 8m 5s
10.04.2014,1.1,15.6,8.6,0,no,223,22.3,6.2,uncomfortable wind,1018.2,6:09:54,19:20:46,13h 10m 52s
11.04.2014,8.9,20.6,13.4,0,no,228,16.2,4.5,comfortable wind,,6:08:15,19:21:53,13h 13m 38s
12.04.2014,9.4,20.6,14.5,1,light rain,,13.7,3.8,comfortable wind,1019.4,6:06:36,19:23:01,13h 16m 25s
13.04.2014,7.2,17.2,11.1,1,light rain,,12.2,3.4,comfortable wind,1021.5,6:04:59,19:24:08,13h 19m 9s
14.04.2014,13.9,23.9,17.6,0,no,212,34.9,9.7,uncomfortable wind,1014.3,6:03:22,19:25:16,13h 21m 54s
15.04.2014,5,20,16.4,15.7,moderate rain,202,38.2,10.6,uncomfortable wind,1007.1,6:01:46,19:26:23,13h 24m 37s
16.04.2014,-0.5,7.2,5.6,9.1,moderate rain,331,24.1,6.7,uncomfortable wind,,6:00:10,19:27:31,13h 27m 21s
17.04.2014,0,4.4,2.2,0,no,49,22.3,6.2,uncomfortable wind,1040.9,5:58:35,19:28:39,13h 30m 4s
18.04.2014,-0.5,5.6,2.9,0,no,70,14,3.9,comfortable wind,,5:57:01,19:29:46,13h 32m 45s
19.04.2014,2.8,17.2,8.8,0,no,301,19.4,5.4,comfortable wind,1023.6,5:55:28,19:30:54,13h 35m 26s
20.04.2014,3.9,8.9,7.5,0,no,72,14.8,4.1,comfortable wind,1031.5,5:53:56,19:32:01,13h 38m 5s
21.04.2014,2.2,20.6,9.3,0,no,192,14.8,4.1,comfortable wind,1019.2,5:52:24,19:33:09,13h 40m 45s
22.04.2014,8.3,22.8,14.3,1.3,light rain,205,19.1,5.3,comfortable wind,1003.6,5:50:54,19:34:16,13h 43m 22s
23.04.2014,7.8,13.9,11.8,5.8,moderate rain,290,24.1,6.7,uncomfortable wind,,5:49:24,19:35:24,13h 46m 0s
24.04.2014,5.6,15,9.8,0,no,320,33.5,9.3,uncomfortable wind,1005.8,5:47:56,19:36:31,13h 48m 35s
25.04.2014,6.1,13.9,10.3,0,no,,16.9,4.7,comfortable wind,1013.2,5:46:28,19:37:39,13h 51m 11s
26.04.2014,5.6,8.3,7.6,5.1,moderate rain,84,11.9,3.3,comfortable wind,1010.1,5:45:02,19:38:46,13h 53m 44s
27.04.2014,5,10,6.3,3.8,light rain,,10.4,2.9,comfortable wind,1013.8,5:43:37,19:39:53,13h 56m 16s
28.04.2014,5.6,12.2,8.5,0,no,19,18.4,5.1,comfortable wind,1018.2,5:42:12,19:41:00,13h 58m 48s
29.04.2014,5.6,6.7,6.6,0,no,61,27.4,7.6,uncomfortable wind,1030.3,5:40:49,19:42:07,14h 1m 18s
30.04.2014,5,7.2,5.9,8.9,moderate rain,92,22.7,6.3,uncomfortable wind,1031.3,5:39:28,19:43:14,14h 3m 46s
01.05.2014,6.7,15.6,9.7,15.7,moderate rain,,9,2.5,comfortable wind,1010.4,5:38:07,19:44:21,14h 6m 14s
02.05.2014,10,20.6,13.9,0.3,light rain,,16.6,4.6,comfortable wind,1005.9,5:36:48,19:45:27,14h 8m 39s
03.05.2014,10,19.4,14.5,0,no,,13.7,3.8,comfortable wind,1009,5:35:29,19:46:34,14h 11m 5s
04.05.2014,10,16.7,13.9,0,no,254,25.9,7.2,uncomfortable wind,1002.6,5:34:13,19:47:40,14h 13m 27s
05.05.2014,10,18.9,13.4,0,no,313,22,6.1,uncomfortable wind,1006.9,5:32:57,19:48:46,14h 15m 49s
06.05.2014,8.3,17.8,13.2,0,no,,16.2,4.5,comfortable wind,1011.8,5:31:43,19:49:51,14h 18m 8s
07.05.2014,8.3,20.6,13,0,no,,15.5,4.3,comfortable wind,1020.2,5:30:31,19:50:57,14h 20m 26s
08.05.2014,8.9,16.7,13.1,0,no,,10.4,2.9,comfortable wind,1021.1,5:29:20,19:52:02,14h 22m 42s
09.05.2014,10,15,12.1,0,no,,6.8,1.9,comfortable wind,1022.3,5:28:10,19:53:06,14h 24m 56s
10.05.2014,13.9,26.7,18.7,8.6,moderate rain,212,18.7,5.2,comfortable wind,1011.2,5:27:02,19:54:11,14h 27m 9s
11.05.2014,16.7,26.7,20.9,0,no,274,19.1,5.3,comfortable wind,1012.3,5:25:55,19:55:15,14h 29m 20s
12.05.2014,11.1,29.4,21.9,0,no,,17.6,4.9,comfortable wind,1017,5:24:50,19:56:18,14h 31m 28s
13.05.2014,7.8,11.1,12.4,0,no,66,16.9,4.7,comfortable wind,1025.5,5:23:47,19:57:21,14h 33m 34s
14.05.2014,7.8,17.2,10.4,0,no,,14.8,4.1,comfortable wind,1026.4,5:22:45,19:58:23,14h 35m 38s
15.05.2014,13.9,25,17.6,0,no,155,14,3.9,comfortable wind,1024.6,5:21:45,19:59:25,14h 37m 40s
16.05.2014,15,22.8,18.4,1.5,light rain,164,22.3,6.2,uncomfortable wind,1019.3,5:20:47,20:00:27,14h 39m 40s
17.05.2014,14.4,23.9,18.8,16.5,moderate rain,229,20.5,5.7,uncomfortable wind,,5:19:51,20:01:27,14h 41m 36s
18.05.2014,11.1,17.2,14.9,0,no,,14.8,4.1,comfortable wind,1017.9,5:18:56,20:02:27,14h 43m 31s
19.05.2014,11.1,20,14.9,1.3,light rain,318,21.2,5.9,uncomfortable wind,1017.5,5:18:03,20:03:27,14h 45m 24s
20.05.2014,11.7,20.6,14.7,0,no,,15.1,4.2,comfortable wind,1015.3,5:17:12,20:04:25,14h 47m 13s
21.05.2014,11.1,18.3,14.9,0,no,,11.9,3.3,comfortable wind,1015,5:16:22,20:05:23,14h 49m 1s
22.05.2014,10.6,15,12.8,6.4,moderate rain,,12.2,3.4,comfortable wind,1012.9,5:15:35,20:06:20,14h 50m 45s
23.05.2014,11.1,13.9,12.6,0.5,light rain,,13.7,3.8,comfortable wind,1013.5,5:14:49,20:07:16,14h 52m 27s
24.05.2014,11.1,16.1,12.7,4.6,light rain,60,13,3.6,comfortable wind,1016.4,5:14:06,20:08:11,14h 54m 5s
25.05.2014,11.1,18.9,13.3,0,no,,11.2,3.1,comfortable wind,1017.7,5:13:24,20:09:06,14h 55m 42s
26.05.2014,12.8,26.1,18.6,0.3,light rain,237,19.4,5.4,comfortable wind,1012.1,5:12:44,20:09:59,14h 57m 15s
27.05.2014,10,23.3,17.7,12.2,moderate rain,,18.4,5.1,comfortable wind,1011.9,5:12:07,20:10:51,14h 58m 44s
28.05.2014,6.7,10,9.7,2,light rain,43,24.1,6.7,uncomfortable wind,1017.9,5:11:31,20:11:42,15h 0m 11s
29.05.2014,6.1,14.4,10.3,0,no,57,12.2,3.4,comfortable wind,1023,5:10:57,20:12:32,15h 1m 35s
30.05.2014,8.9,18.9,13.4,2.8,light rain,,13,3.6,comfortable wind,1018,5:10:26,20:13:21,15h 2m 55s
31.05.2014,11.1,15.6,12.8,0,no,,15.5,4.3,comfortable wind,1022,5:09:56,20:14:08,15h 4m 12s
01.06.2014,10.6,18.9,14.7,0,no,81,13,3.6,comfortable wind,1025.8,5:09:28,20:14:55,15h 5m 27s
02.06.2014,13.3,28.3,19.9,0,no,206,14.4,4.0,comfortable wind,1020.1,5:09:03,20:15:39,15h 6m 36s
03.06.2014,13.9,22.2,18.6,0,no,130,16.9,4.7,comfortable wind,1014.8,5:08:39,20:16:23,15h 7m 44s
04.06.2014,12.8,15.6,14.6,3.6,light rain,,10.1,2.8,comfortable wind,,5:08:18,20:17:05,15h 8m 47s
05.06.2014,13.9,15.6,14.6,19.8,moderate rain,,11.5,3.2,comfortable wind,1006.3,5:07:59,20:17:46,15h 9m 47s
06.06.2014,13.9,24.4,18.6,0,no,,17.6,4.9,comfortable wind,1007.8,5:07:42,20:18:25,15h 10m 43s
07.06.2014,16.1,26.7,21.3,0,no,,13.3,3.7,comfortable wind,1012.2,5:07:27,20:19:03,15h 11m 36s
08.06.2014,19.4,27.2,23.1,0,no,,12.6,3.5,comfortable wind,1012.7,5:07:14,20:19:39,15h 12m 25s
09.06.2014,18.9,27.2,22.6,0,no,231,17.6,4.9,comfortable wind,1013.9,5:07:03,20:20:13,15h 13m 10s
10.06.2014,15,26.1,20.1,21.6,heavy rain,144,14,3.9,comfortable wind,1015.3,5:06:55,20:20:46,15h 13m 51s
11.06.2014,14.4,17.2,16.1,0,no,63,15.5,4.3,comfortable wind,1021.3,5:06:48,20:21:17,15h 14m 29s
12.06.2014,15,18.9,16.1,0,no,97,18.4,5.1,comfortable wind,1020.3,5:06:44,20:21:47,15h 15m 3s
13.06.2014,15,17.8,16.4,13.7,moderate rain,73,15.5,4.3,comfortable wind,1013.1,5:06:42,20:22:14,15h 15m 32s
14.06.2014,14.4,25,17.8,0.3,light rain,,12.2,3.4,comfortable wind,1010.2,5:06:41,20:22:40,15h 15m 59s
15.06.2014,14.4,26.7,20.6,0,no,310,19.8,5.5,comfortable wind,1014.6,5:06:43,20:23:04,15h 16m 21s
16.06.2014,16.7,22.8,20.3,0,no,42,16.2,4.5,comfortable wind,1018.8,5:06:47,20:23:26,15h 16m 39s
17.06.2014,16.7,28.9,22.6,0.5,light rain,204,18,5.0,comfortable wind,1015.5,5:06:53,20:23:46,15h 16m 53s
18.06.2014,20,30.6,25.3,0,no,271,23,6.4,uncomfortable wind,1009.2,5:07:01,20:24:04,15h 17m 3s
19.06.2014,19.4,28.9,25.1,0,no,315,17.3,4.8,comfortable wind,1013.4,5:07:11,20:24:20,15h 17m 9s
20.06.2014,16.1,25,21.5,0,no,318,18.7,5.2,comfortable wind,1013.4,5:07:23,20:24:35,15h 17m 12s
21.06.2014,13.9,23.9,18.6,0,no,,11.2,3.1,comfortable wind,1013.6,5:07:37,20:24:47,15h 17m 10s
22.06.2014,15,21.7,18.8,0,no,,12.6,3.5,comfortable wind,1015.1,5:07:52,20:24:57,15h 17m 5s
23.06.2014,15,25,19.1,0,no,,14,3.9,comfortable wind,1019.9,5:08:10,20:25:05,15h 16m 55s
24.06.2014,15.6,28.9,21.4,0,no,197,20.2,5.6,uncomfortable wind,1019.6,5:08:30,20:25:11,15h 16m 41s
25.06.2014,18.9,31.7,24.3,0,no,211,23.8,6.6,uncomfortable wind,1013.5,5:08:51,20:25:15,15h 16m 24s
26.06.2014,15.6,27.2,21.8,7.1,moderate rain,112,15.5,4.3,comfortable wind,1011.3,5:09:14,20:25:17,15h 16m 3s
27.06.2014,15,22.2,18.7,0,no,73,12.2,3.4,comfortable wind,1019.7,5:09:39,20:25:17,15h 15m 38s
28.06.2014,15,26.7,21.7,0,no,,10.8,3.0,comfortable wind,1024.2,5:10:06,20:25:14,15h 15m 8s
29.06.2014,16.7,30,23.2,0,no,,14.4,4.0,comfortable wind,1022.3,5:10:35,20:25:10,15h 14m 35s
30.06.2014,17.8,31.7,24.4,0,no,223,21.6,6.0,uncomfortable wind,1016,5:11:05,20:25:03,15h 13m 58s
01.01.2015,-5.5,0.6,-3.3,0,no,230,23,6.4,uncomfortable wind,1016.1,7:13:25,16:22:46,9h 9m 21s
02.01.2015,-0.5,5,1.3,0,no,256,20.5,5.7,uncomfortable wind,1019.8,7:13:27,16:23:40,9h 10m 13s
03.01.2015,-5.5,2.8,-2.1,15.7,moderate snow,,16.6,4.6,comfortable wind,1034.7,7:13:27,16:24:35,9h 11m 8s
04.01.2015,1.7,11.1,3.5,14.5,moderate rain,,13.3,3.7,comfortable wind,,7:13:25,16:25:31,9h 12m 6s
05.01.2015,-8.2,10,4.2,0,no,279,35.6,9.9,uncomfortable wind,1014.2,7:13:20,16:26:29,9h 13m 9s
06.01.2015,-9.3,-7.7,-8.2,0.5,light snow,,14,3.9,comfortable wind,1023.7,7:13:13,16:27:29,9h 14m 16s
07.01.2015,-15.5,-3.2,-7.3,0,no,268,25.2,7.0,uncomfortable wind,1012.4,7:13:03,16:28:30,9h 15m 27s
08.01.2015,-18.2,-7.1,-13.4,0,no,262,23,6.4,uncomfortable wind,1024.3,7:12:51,16:29:32,9h 16m 41s
09.01.2015,-7.1,-1,-4.8,0.3,light snow,237,23,6.4,uncomfortable wind,1016.2,7:12:37,16:30:36,9h 17m 59s
10.01.2015,-8.2,-4.3,-5.6,0,no,263,18.7,5.2,comfortable wind,1026.9,7:12:20,16:31:41,9h 19m 21s
11.01.2015,-9.3,0.6,-6.1,0,no,227,15.5,4.3,comfortable wind,1035.3,7:12:01,16:32:47,9h 20m 46s
12.01.2015,0.6,3.3,1.7,5.1,moderate rain,,15.1,4.2,comfortable wind,,7:11:40,16:33:54,9h 22m 14s
13.01.2015,-9.3,1.7,-2.7,0,no,349,16.9,4.7,comfortable wind,1032.9,7:11:16,16:35:02,9h 23m 46s
14.01.2015,-9.9,-3.8,-7.6,0,no,322,14,3.9,comfortable wind,1030.4,7:10:50,16:36:11,9h 25m 21s
15.01.2015,-3.8,-0.5,-3.3,3,light snow,305,15.5,4.3,comfortable wind,1016.5,7:10:22,16:37:21,9h 26m 59s
16.01.2015,-9.3,3.3,-2.1,0,no,261,25.2,7.0,uncomfortable wind,1009.3,7:09:51,16:38:32,9h 28m 41s
17.01.2015,-12.7,-5.5,-8.8,0,no,263,17.6,4.9,comfortable wind,1026.1,7:09:19,16:39:44,9h 30m 25s
18.01.2015,-6.6,10.6,-0.2,3.8,light snow,,15.8,4.4,comfortable wind,,7:08:44,16:40:57,9h 32m 13s
19.01.2015,0,7.8,5.7,0,no,262,24.5,6.8,uncomfortable wind,1003.9,7:08:07,16:42:10,9h 34m 3s
20.01.2015,-2.7,3.9,0.8,0,no,269,21.6,6.0,uncomfortable wind,1009.9,7:07:27,16:43:24,9h 35m 57s
21.01.2015,-5.5,1.1,-2.7,0,no,,10.8,3.0,comfortable wind,1020.5,7:06:46,16:44:39,9h 37m 53s
22.01.2015,-1.6,2.8,0,0,no,,11.2,3.1,comfortable wind,1022.3,7:06:02,16:45:54,9h 39m 52s
23.01.2015,-4.3,2.8,-0.7,0,no,,16.6,4.6,comfortable wind,1021.3,7:05:17,16:47:10,9h 41m 53s
24.01.2015,-0.5,1.1,0.2,18,moderate rain,302,16.6,4.6,comfortable wind,999.7,7:04:29,16:48:26,9h 43m 57s
25.01.2015,-7.1,3.3,0.8,0,no,279,23,6.4,uncomfortable wind,1003.2,7:03:40,16:49:42,9h 46m 2s
26.01.2015,-11.6,-1.6,-6.6,2.5,light snow,10,26.3,7.3,uncomfortable wind,1018,7:02:48,16:50:59,9h 48m 11s
27.01.2015,-9.9,-7.1,-7.6,24.1,heavy snow,343,35.6,9.9,uncomfortable wind,1002.1,7:01:55,16:52:17,9h 50m 22s
28.01.2015,-10.5,-4.3,-8.6,0.3,light snow,306,20.5,5.7,uncomfortable wind,1014,7:00:59,16:53:34,9h 52m 35s
29.01.2015,-12.1,0,-5.9,0,no,,6.8,1.9,comfortable wind,1023.7,7:00:02,16:54:52,9h 54m 50s
30.01.2015,-7.1,1.1,-0.7,1.5,light snow,254,19.1,5.3,comfortable wind,1009.7,6:59:03,16:56:10,9h 57m 7s
31.01.2015,-11.6,-6,-7.6,1.3,light snow,301,35.3,9.8,uncomfortable wind,1010.9,6:58:02,16:57:28,9h 59m 26s
01.02.2015,-11,-1,-7.1,0,no,286,19.1,5.3,comfortable wind,1019.9,6:56:59,16:58:46,10h 1m 47s
02.02.2015,-12.1,-0.5,-6.7,19.8,moderate snow,7,29.2,8.1,uncomfortable wind,,6:55:55,17:00:04,10h 4m 9s
03.02.2015,-14.3,-5.5,-10.5,0,no,266,20.9,5.8,uncomfortable wind,1019.5,6:54:49,17:01:23,10h 6m 34s
04.02.2015,-9.9,3.3,-4.9,0.3,light snow,208,15.1,4.2,comfortable wind,1021.6,6:53:41,17:02:41,10h 9m 0s
05.02.2015,-13.8,2.2,-0.7,2.3,light snow,300,23.8,6.6,uncomfortable wind,1013.8,6:52:32,17:04:00,10h 11m 28s
06.02.2015,-14.9,-6,-11.3,0,no,266,18.4,5.1,comfortable wind,1019.3,6:51:21,17:05:18,10h 13m 57s
07.02.2015,-8.8,-1.6,-5.2,1.8,light snow,229,17.3,4.8,comfortable wind,,6:50:09,17:06:36,10h 16m 27s
08.02.2015,-10.5,-1.6,-3.6,9.4,moderate snow,,21.6,6.0,uncomfortable wind,,6:48:55,17:07:54,10h 18m 59s
09.02.2015,-9.9,-3.8,-8.3,22.4,heavy snow,349,24.1,6.7,uncomfortable wind,1019.8,6:47:40,17:09:12,10h 21m 32s
10.02.2015,-9.9,-1,-6.7,1.3,light snow,359,18,5.0,comfortable wind,1019.2,6:46:23,17:10:30,10h 24m 7s
11.02.2015,-9.9,-3.8,-5.8,0.3,light snow,356,18.7,5.2,comfortable wind,1018.1,6:45:05,17:11:48,10h 26m 43s
12.02.2015,-8.8,-1,-6.2,0.8,light snow,,8.6,2.4,comfortable wind,,6:43:45,17:13:06,10h 29m 21s
13.02.2015,-13.8,-5.5,-8.8,0,no,298,24.8,6.9,uncomfortable wind,1013.8,6:42:24,17:14:23,10h 31m 59s
14.02.2015,-16,-1,-10.4,5.8,moderate snow,,15.5,4.3,comfortable wind,1010.7,6:41:02,17:15:40,10h 34m 38s
15.02.2015,-18.8,-6.6,-7.1,9.9,moderate snow,315,33.5,9.3,uncomfortable wind,1000,6:39:39,17:16:57,10h 37m 18s
16.02.2015,-19.3,-7.1,-14.2,0,no,288,31.7,8.8,uncomfortable wind,1013.1,6:38:15,17:18:14,10h 39m 59s
17.02.2015,-12.1,-4.9,-9.7,0.5,light snow,334,12.6,3.5,comfortable wind,1013.9,6:36:49,17:19:31,10h 42m 42s
18.02.2015,-8.2,-1.6,-4.8,0.3,light snow,345,8.6,2.4,comfortable wind,1010.8,6:35:22,17:20:47,10h 45m 25s
19.02.2015,-12.1,-1,-3.7,1.5,light snow,261,22.7,6.3,uncomfortable wind,,6:33:55,17:22:03,10h 48m 8s
20.02.2015,-14.9,-6.6,-11.4,0,no,272,29.9,8.3,uncomfortable wind,1016.3,6:32:26,17:23:19,10h 50m 53s
21.02.2015,-15.5,1.1,-8.5,4.3,light snow,207,18,5.0,comfortable wind,1029.1,6:30:56,17:24:34,10h 53m 38s
22.02.2015,-2.1,3.9,0.8,2.8,light rain,,8.3,2.3,comfortable wind,,6:29:25,17:25:49,10h 56m 24s
23.02.2015,-15.5,0.6,-3,0,no,296,23.4,6.5,uncomfortable wind,1021.6,6:27:53,17:27:04,10h 59m 11s
24.02.2015,-16.6,-7.1,-12.9,0,no,230,15.1,4.2,comfortable wind,1022.5,6:26:21,17:28:19,11h 1m 58s
25.02.2015,-9.9,1.7,-5,1.8,light snow,,17.3,4.8,comfortable wind,1009,6:24:47,17:29:33,11h 4m 46s
26.02.2015,-8.2,-5.5,-6,0.5,light snow,,14.8,4.1,comfortable wind,1017.3,6:23:13,17:30:47,11h 7m 34s
27.02.2015,-9.3,-2.7,-6.5,0,no,,13.3,3.7,comfortable wind,1026.9,6:21:38,17:32:01,11h 10m 23s
28.02.2015,-11,-0.5,-6.2,0,no,,14,3.9,comfortable wind,1038.8,6:20:02,17:33:14,11h 13m 12s
01.03.2015,-11,-1,-5,4.3,light snow,,9.7,2.7,comfortable wind,1033.5,6:18:25,17:34:27,11h 16m 2s
02.03.2015,-3.2,2.8,-0.9,0.3,light snow,281,23,6.4,uncomfortable wind,1016.6,6:16:48,17:35:40,11h 18m 52s
03.03.2015,-6.6,0.6,-3.3,6.6,moderate snow,253,16.2,4.5,comfortable wind,1024.4,6:15:10,17:36:53,11h 21m 43s
04.03.2015,0.6,6.1,2.3,0.5,light rain,238,18.4,5.1,comfortable wind,1007.6,6:13:31,17:38:05,11h 24m 34s
05.03.2015,-7.7,3.9,0.8,0,no,311,19.1,5.3,comfortable wind,1017.7,6:11:52,17:39:17,11h 27m 25s
06.03.2015,-12.7,-4.3,-7.9,0,no,,16.9,4.7,comfortable wind,1029.9,6:10:12,17:40:29,11h 30m 17s
07.03.2015,-8.2,3.3,-3.7,0,no,226,17.3,4.8,comfortable wind,1019.7,6:08:32,17:41:40,11h 33m 8s
08.03.2015,-4.3,5.6,0.3,0,no,,13.7,3.8,comfortable wind,,7:06:55,18:42:48,11h 35m 53s
09.03.2015,-3.2,8.9,2.6,0,no,,16.2,4.5,comfortable wind,1019.4,7:05:14,18:43:59,11h 38m 45s
10.03.2015,-0.5,8.9,3.8,1.5,light rain,,10.8,3.0,comfortable wind,1023.8,7:03:32,18:45:10,11h 41m 38s
11.03.2015,2.8,13.9,7.7,0.3,light rain,,18.7,5.2,comfortable wind,1011,7:01:50,18:46:20,11h 44m 30s
12.03.2015,-3.8,6.1,3.9,0,no,311,27.4,7.6,uncomfortable wind,1024.4,7:00:08,18:47:30,11h 47m 22s
13.03.2015,-4.3,4.4,-1.3,0,no,276,16.9,4.7,comfortable wind,1034.1,6:58:25,18:48:40,11h 50m 15s
14.03.2015,-0.5,3.9,1.1,20.3,heavy rain,,13,3.6,comfortable wind,1018.1,6:56:42,18:49:50,11h 53m 8s
15.03.2015,-2.7,5,2.2,6.9,moderate rain,305,22.3,6.2,uncomfortable wind,,6:54:59,18:51:00,11h 56m 1s
16.03.2015,-3.2,7.2,0.7,0,no,280,14,3.9,comfortable wind,1011.4,6:53:15,18:52:09,11h 58m 54s
17.03.2015,-2.1,10.6,3.9,3.6,light rain,242,23,6.4,uncomfortable wind,1001.5,6:51:31,18:53:18,12h 1m 47s
18.03.2015,-5.5,-1,-2.5,0,no,302,34.9,9.7,uncomfortable wind,1011.3,6:49:47,18:54:28,12h 4m 41s
19.03.2015,-7.1,1.1,-3.8,0,no,305,25.2,7.0,uncomfortable wind,1022.2,6:48:03,18:55:36,12h 7m 33s
20.03.2015,-4.9,0,-2.5,1.3,light snow,,5.8,1.6,comfortable wind,1027,6:46:19,18:56:45,12h 10m 26s
21.03.2015,-2.1,5,-1.1,2.3,light snow,,10.4,2.9,comfortable wind,,6:44:35,18:57:54,12h 13m 19s
22.03.2015,-6,3.9,0.2,0,no,293,28.8,8.0,uncomfortable wind,1013,6:42:50,18:59:02,12h 16m 12s
23.03.2015,-7.7,0.6,-4.4,0,no,289,24.5,6.8,uncomfortable wind,1019.9,6:41:06,19:00:10,12h 19m 4s
24.03.2015,-6.6,1.7,-2.6,0,no,,12.2,3.4,comfortable wind,1026.1,6:39:21,19:01:19,12h 21m 58s
25.03.2015,-2.1,9.4,1.7,1,light rain,,14.4,4.0,comfortable wind,1027.2,6:37:37,19:02:27,12h 24m 50s
26.03.2015,3.3,13.3,6.8,20.3,heavy rain,,14,3.9,comfortable wind,,6:35:53,19:03:35,12h 27m 42s
27.03.2015,2.8,6.7,5.5,5.3,moderate rain,,8.6,2.4,comfortable wind,1005.9,6:34:09,19:04:43,12h 30m 34s
28.03.2015,-1,4.4,2.1,3,light rain,,20.2,5.6,uncomfortable wind,1008.9,6:32:25,19:05:51,12h 33m 26s
29.03.2015,-3.2,5.6,0.3,0,no,,15.1,4.2,comfortable wind,1020.1,6:30:41,19:06:58,12h 36m 17s
30.03.2015,-1,7.2,2.3,0,no,217,20.9,5.8,uncomfortable wind,1011,6:28:57,19:08:06,12h 39m 9s
31.03.2015,2.8,10,5.8,0,no,275,19.8,5.5,comfortable wind,1006.7,6:27:13,19:09:14,12h 42m 1s
01.04.2015,-1,8.3,3.9,0,no,,16.2,4.5,comfortable wind,1014.9,6:25:30,19:10:21,12h 44m 51s
02.04.2015,-1,16.1,6,0,no,,20.5,5.7,uncomfortable wind,1019.3,6:23:47,19:11:29,12h 47m 42s
03.04.2015,7.2,15,12,0.8,light rain,220,19.4,5.4,comfortable wind,1008.4,6:22:05,19:12:37,12h 50m 32s
04.04.2015,2.2,11.1,8.6,9.9,moderate rain,,26.3,7.3,uncomfortable wind,,6:20:22,19:13:44,12h 53m 22s
05.04.2015,0,9.4,4.1,0,no,244,24.1,6.7,uncomfortable wind,1019.9,6:18:40,19:14:52,12h 56m 12s
06.04.2015,2.2,5.6,4.1,0,no,,14,3.9,comfortable wind,1026.1,6:16:59,19:15:59,12h 59m 0s
07.04.2015,2.2,5.6,4.1,0.8,light rain,,13,3.6,comfortable wind,1025.9,6:15:18,19:17:07,13h 1m 49s
08.04.2015,1.1,5.6,2.8,6.6,moderate rain,,27,7.5,uncomfortable wind,1030.5,6:13:37,19:18:14,13h 4m 37s
09.04.2015,0.6,2.8,1.9,2.3,light rain,55,26.6,7.4,uncomfortable wind,1028.5,6:11:57,19:19:22,13h 7m 25s
10.04.2015,2.2,12.8,4.4,2.3,light rain,,13,3.6,comfortable wind,1013.7,6:10:18,19:20:29,13h 10m 11s
11.04.2015,5.6,13.9,11.6,0,no,273,27.4,7.6,uncomfortable wind,1010.4,6:08:39,19:21:37,13h 12m 58s
12.04.2015,3.9,20,10.5,0,no,258,14.4,4.0,comfortable wind,1022.8,6:07:00,19:22:44,13h 15m 44s
13.04.2015,5,20.6,13.6,0,no,195,19.8,5.5,comfortable wind,1024.9,6:05:22,19:23:52,13h 18m 30s
14.04.2015,11.1,18.3,14.8,0.3,light rain,,17.6,4.9,comfortable wind,1018.7,6:03:45,19:25:00,13h 21m 15s
15.04.2015,10,19.4,14.8,0,no,324,18.7,5.2,comfortable wind,1020.6,6:02:09,19:26:07,13h 23m 58s
16.04.2015,5,15.6,10.3,0,no,,16.2,4.5,comfortable wind,1029.3,6:00:33,19:27:15,13h 26m 42s
17.04.2015,8.3,18.3,12,1.5,light rain,235,21.2,5.9,uncomfortable wind,1016,5:58:58,19:28:22,13h 29m 24s
18.04.2015,6.1,15.6,12.2,0,no,11,14,3.9,comfortable wind,1013.4,5:57:24,19:29:30,13h 32m 6s
19.04.2015,5,10,7.9,0,no,64,18.4,5.1,comfortable wind,1023.4,5:55:51,19:30:37,13h 34m 46s
20.04.2015,5,10.6,6.2,15.5,moderate rain,110,22.3,6.2,uncomfortable wind,1018,5:54:18,19:31:45,13h 37m 27s
21.04.2015,7.8,18.3,13.1,13.7,moderate rain,245,15.5,4.3,comfortable wind,1002.8,5:52:46,19:32:53,13h 40m 7s
22.04.2015,6.1,19.4,13.1,0,no,,23.8,6.6,uncomfortable wind,1005.5,5:51:16,19:34:00,13h 42m 44s
23.04.2015,3.3,10.6,8.4,0,no,269,25.6,7.1,uncomfortable wind,1002.7,5:49:46,19:35:08,13h 45m 22s
24.04.2015,2.8,10,6.1,0,no,290,24.8,6.9,uncomfortable wind,1006.5,5:48:17,19:36:15,13h 47m 58s
25.04.2015,2.2,13.3,7.3,0,no,312,16.9,4.7,comfortable wind,1007,5:46:50,19:37:22,13h 50m 32s
26.04.2015,6.1,13.3,8.6,0,no,,10.4,2.9,comfortable wind,1004.4,5:45:23,19:38:30,13h 53m 7s
27.04.2015,7.2,13.9,10.8,2.5,light rain,319,18.4,5.1,comfortable wind,1001.7,5:43:57,19:39:37,13h 55m 40s
28.04.2015,5.6,17.8,9.5,1.8,light rain,12,23,6.4,uncomfortable wind,1005.2,5:42:33,19:40:44,13h 58m 11s
29.04.2015,8.9,12.2,10.9,0,no,,14,3.9,comfortable wind,1005.3,5:41:09,19:41:51,14h 0m 42s
30.04.2015,6.7,12.8,9.9,0,no,94,14.4,4.0,comfortable wind,1011.1,5:39:47,19:42:58,14h 3m 11s
01.05.2015,3.9,9.4,7.4,0,no,,12.6,3.5,comfortable wind,1015.8,5:38:26,19:44:05,14h 5m 39s
02.05.2015,3.9,10,6.1,0,no,,11.2,3.1,comfortable wind,1015.9,5:37:07,19:45:11,14h 8m 4s
03.05.2015,7.2,19.4,11.8,0,no,,13.7,3.8,comfortable wind,1017.8,5:35:48,19:46:18,14h 10m 30s
04.05.2015,9.4,28.9,17.3,0,no,206,21.2,5.9,uncomfortable wind,1020.3,5:34:31,19:47:24,14h 12m 53s
05.05.2015,12.2,21.1,19.1,0.5,light rain,,15.5,4.3,comfortable wind,1021,5:33:16,19:48:30,14h 15m 14s
06.05.2015,11.1,22.8,16.1,0,no,,15.1,4.2,comfortable wind,1023.8,5:32:01,19:49:36,14h 17m 35s
07.05.2015,11.7,26.1,18.3,0,no,205,16.9,4.7,comfortable wind,1020.6,5:30:48,19:50:41,14h 19m 53s
08.05.2015,7.8,21.7,15.6,0,no,31,18.7,5.2,comfortable wind,1022.1,5:29:37,19:51:46,14h 22m 9s
09.05.2015,7.8,21.7,10.8,0,no,,12.2,3.4,comfortable wind,1026,5:28:27,19:52:51,14h 24m 24s
10.05.2015,15,31.7,21.9,0,no,221,21.6,6.0,uncomfortable wind,1019.9,5:27:18,19:53:55,14h 26m 37s
11.05.2015,10,26.7,19.8,0,no,67,15.5,4.3,comfortable wind,1019.3,5:26:11,19:54:59,14h 28m 48s
12.05.2015,8.9,30.6,14.1,0.5,light rain,,14.8,4.1,comfortable wind,1009.5,5:25:06,19:56:03,14h 30m 57s
13.05.2015,11.7,20.6,17.7,0,no,304,23,6.4,uncomfortable wind,1014.1,5:24:02,19:57:06,14h 33m 4s
14.05.2015,9.4,20.6,14.2,0,no,,15.1,4.2,comfortable wind,1025.4,5:23:00,19:58:08,14h 35m 8s
15.05.2015,8.9,19.4,14.9,0,no,,10.4,2.9,comfortable wind,1024.5,5:22:00,19:59:10,14h 37m 10s
16.05.2015,12.8,21.7,16.3,0,no,,12.6,3.5,comfortable wind,1021.6,5:21:01,20:00:12,14h 39m 11s
17.05.2015,11.1,19.4,16.2,0,no,,12.6,3.5,comfortable wind,1020,5:20:04,20:01:13,14h 41m 9s
18.05.2015,9.4,14.4,11.7,0,no,71,16.6,4.6,comfortable wind,,5:19:09,20:02:13,14h 43m 4s
19.05.2015,11.1,18.3,13.4,6.9,moderate rain,202,15.8,4.4,comfortable wind,1012.9,5:18:16,20:03:12,14h 44m 56s
20.05.2015,10.6,18.9,16.2,0,no,287,22.3,6.2,uncomfortable wind,1008.1,5:17:24,20:04:11,14h 46m 47s
21.05.2015,7.2,19.4,13.7,0,no,,15.5,4.3,comfortable wind,1012.9,5:16:34,20:05:09,14h 48m 35s
22.05.2015,11.1,24.4,16.5,0,no,259,20.9,5.8,uncomfortable wind,1010.7,5:15:46,20:06:06,14h 50m 20s
23.05.2015,6.7,18.3,13.1,0,no,287,21.2,5.9,uncomfortable wind,1024.4,5:15:00,20:07:03,14h 52m 3s
24.05.2015,10.6,28.3,18.6,0,no,236,25.2,7.0,uncomfortable wind,1023.3,5:14:16,20:07:58,14h 53m 42s
25.05.2015,14.4,27.2,21,0,no,209,17.3,4.8,comfortable wind,1022.7,5:13:34,20:08:53,14h 55m 19s
26.05.2015,17.8,30.6,22.8,0,no,217,26.3,7.3,uncomfortable wind,1020.1,5:12:54,20:09:46,14h 56m 52s
27.05.2015,18.3,29.4,23.5,0,no,206,25.9,7.2,uncomfortable wind,1020,5:12:16,20:10:38,14h 58m 22s
28.05.2015,17.8,30,23.1,0,no,214,21.2,5.9,uncomfortable wind,1019.6,5:11:39,20:11:30,14h 59m 51s
29.05.2015,12.8,22.2,19.6,0,no,,13,3.6,comfortable wind,1024.8,5:11:05,20:12:20,15h 1m 15s
30.05.2015,14.4,31.1,20.7,0,no,,23.4,6.5,uncomfortable wind,1020.2,5:10:33,20:13:09,15h 2m 36s
31.05.2015,8.9,25,19.6,23.1,heavy rain,238,22.3,6.2,uncomfortable wind,,5:10:03,20:13:57,15h 3m 54s
01.06.2015,8.3,9.4,9,9.7,moderate rain,42,22,6.1,uncomfortable wind,1024.3,5:09:35,20:14:44,15h 5m 9s
02.06.2015,7.8,9.4,8.5,18.8,moderate rain,33,18,5.0,comfortable wind,1022.3,5:09:09,20:15:29,15h 6m 20s
03.06.2015,8.3,13.3,9.9,0,no,,11.2,3.1,comfortable wind,1023.9,5:08:45,20:16:13,15h 7m 28s
04.06.2015,9.4,14.4,11.3,0,no,,10.1,2.8,comfortable wind,1025.9,5:08:23,20:16:55,15h 8m 32s
05.06.2015,10,15,12.2,0,no,,12.2,3.4,comfortable wind,1019.3,5:08:04,20:17:36,15h 9m 32s
06.06.2015,11.1,19.4,14.3,2.3,light rain,,11.2,3.1,comfortable wind,1013.8,5:07:46,20:18:16,15h 10m 30s
07.06.2015,11.7,19.4,15.2,0,no,63,17.3,4.8,comfortable wind,1021.1,5:07:31,20:18:54,15h 11m 23s
08.06.2015,11.7,24.4,17.3,0,no,199,26.6,7.4,uncomfortable wind,1014.4,5:07:17,20:19:30,15h 12m 13s
09.06.2015,17.8,25.6,20.6,0,no,198,21.2,5.9,uncomfortable wind,1005.8,5:07:06,20:20:05,15h 12m 59s
10.06.2015,16.7,27.8,21.9,0,no,247,17.6,4.9,comfortable wind,1009,5:06:57,20:20:38,15h 13m 41s
11.06.2015,17.8,31.1,23.9,0,no,242,22,6.1,uncomfortable wind,1009.6,5:06:50,20:21:10,15h 14m 20s
12.06.2015,18.3,26.1,23.2,0,no,,14.4,4.0,comfortable wind,1013.2,5:06:45,20:21:40,15h 14m 55s
13.06.2015,17.8,29.4,22.6,0,no,,13.7,3.8,comfortable wind,1011.4,5:06:42,20:22:08,15h 15m 26s
14.06.2015,16.7,23.3,21.1,0,no,,15.5,4.3,comfortable wind,1017.7,5:06:41,20:22:34,15h 15m 53s
15.06.2015,12.2,17.2,14.4,10.2,moderate rain,119,14.8,4.1,comfortable wind,,5:06:43,20:22:58,15h 16m 15s
16.06.2015,13.3,21.7,15.2,0,no,,7.6,2.1,comfortable wind,1012.1,5:06:46,20:23:21,15h 16m 35s
17.06.2015,15,20.6,18.8,0,no,51,15.8,4.4,comfortable wind,1018.6,5:06:51,20:23:41,15h 16m 50s
18.06.2015,13.9,24.4,18.1,0,no,190,16.6,4.6,comfortable wind,1017.6,5:06:59,20:24:00,15h 17m 1s
19.06.2015,17.2,30,20.5,0,no,,15.5,4.3,comfortable wind,1012.4,5:07:08,20:24:17,15h 17m 9s
20.06.2015,14.4,23.9,18.2,1,light rain,65,14.8,4.1,comfortable wind,1019,5:07:20,20:24:31,15h 17m 11s
21.06.2015,15.6,24.4,19.1,43.7,heavy rain,,9.7,2.7,comfortable wind,1008,5:07:33,20:24:44,15h 17m 11s
22.06.2015,16.1,25,18.7,0,no,,9.4,2.6,comfortable wind,1011.5,5:07:49,20:24:55,15h 17m 6s
23.06.2015,15.6,31.1,22.2,0.3,light rain,,18.4,5.1,comfortable wind,1009.7,5:08:06,20:25:03,15h 16m 57s
24.06.2015,19.4,28.9,24.4,0,no,297,18,5.0,comfortable wind,1012,5:08:25,20:25:10,15h 16m 45s
25.06.2015,17.8,27.2,22.9,0,no,,11.5,3.2,comfortable wind,1015.1,5:08:46,20:25:14,15h 16m 28s
26.06.2015,15,22.2,20,0,no,42,13.7,3.8,comfortable wind,1016.1,5:09:09,20:25:17,15h 16m 8s
27.06.2015,13.9,20,17,5.1,moderate rain,,11.5,3.2,comfortable wind,1020.6,5:09:33,20:25:17,15h 15m 44s
28.06.2015,11.1,15,14.8,36.3,heavy rain,41,28.8,8.0,uncomfortable wind,,5:10:00,20:25:15,15h 15m 15s
29.06.2015,11.7,23.9,15.3,0,no,,11.2,3.1,comfortable wind,1010.4,5:10:28,20:25:11,15h 14m 43s
30.06.2015,15.6,23.9,19.9,0,no,,11.2,3.1,comfortable wind,1014.8,5:10:58,20:25:05,15h 14m 7s
01.01.2016,0.6,5,3.9,0,no,256,20.5,5.7,uncomfortable wind,1013.5,7:13:24,16:22:34,9h 9m 10s
02.01.2016,-0.5,4.4,1.7,0,no,259,21.6,6.0,uncomfortable wind,1013.3,7:13:27,16:23:27,9h 10m 0s
03.01.2016,-0.5,6.7,2.2,0,no,240,18.7,5.2,comfortable wind,1008.7,7:13:27,16:24:21,9h 10m 54s
04.01.2016,-9.9,2.2,-1.1,0,no,327,19.8,5.5,comfortable wind,1016.5,7:13:25,16:25:17,9h 11m 52s
05.01.2016,-13.2,-3.2,-8.9,0,no,301,16.2,4.5,comfortable wind,1033,7:13:21,16:26:15,9h 12m 54s
06.01.2016,-6,7.2,-1.2,0,no,229,16.2,4.5,comfortable wind,1031.1,7:13:15,16:27:14,9h 13m 59s
07.01.2016,-3.2,6.1,0.6,0,no,308,10.4,2.9,comfortable wind,1025.9,7:13:06,16:28:15,9h 15m 9s
08.01.2016,-1,5.6,1.4,0,no,28,17.6,4.9,comfortable wind,1024.6,7:12:54,16:29:17,9h 16m 23s
09.01.2016,3.3,5,4.2,0.3,light rain,,9.7,2.7,comfortable wind,1024.2,7:12:40,16:30:20,9h 17m 40s
10.01.2016,3.3,14.4,7.2,35.1,heavy rain,122,24.1,6.7,uncomfortable wind,1005.8,7:12:24,16:31:25,9h 19m 1s
11.01.2016,-3.8,10.6,4.3,0,no,276,31,8.6,uncomfortable wind,1007.5,7:12:06,16:32:30,9h 20m 24s
12.01.2016,-6,2.8,-1.9,2,light snow,197,15.5,4.3,comfortable wind,1012.3,7:11:45,16:33:37,9h 21m 52s
13.01.2016,-6,0.6,-1.5,0,no,271,31.7,8.8,uncomfortable wind,1006.5,7:11:22,16:34:45,9h 23m 23s
14.01.2016,-6,-1,-4.3,0,no,246,16.9,4.7,comfortable wind,1012.6,7:10:57,16:35:54,9h 24m 57s
15.01.2016,-3.2,5.6,-0.4,0,no,,10.4,2.9,comfortable wind,1013.8,7:10:29,16:37:04,9h 26m 35s
16.01.2016,1.1,6.1,3.7,31,heavy rain,329,15.1,4.2,comfortable wind,999.1,7:09:59,16:38:15,9h 28m 16s
17.01.2016,-1.6,3.3,1.8,2.5,light rain,320,15.1,4.2,comfortable wind,1007.8,7:09:27,16:39:27,9h 30m 0s
18.01.2016,-7.1,-1.6,-2.7,2.8,light snow,285,27,7.5,uncomfortable wind,,7:08:52,16:40:39,9h 31m 47s
19.01.2016,-8.8,-3.8,-6.6,0,no,279,35.3,9.8,uncomfortable wind,1007.2,7:08:16,16:41:52,9h 33m 36s
20.01.2016,-7.1,0.6,-4.7,0,no,294,30.2,8.4,uncomfortable wind,1015.6,7:07:37,16:43:06,9h 35m 29s
21.01.2016,-6,0.6,-2.8,0,no,305,22.3,6.2,uncomfortable wind,1017.2,7:06:56,16:44:20,9h 37m 24s
22.01.2016,-7.1,0,-4.3,0,no,316,18.4,5.1,comfortable wind,1021.8,7:06:13,16:45:36,9h 39m 23s
23.01.2016,-6.6,0,-1.9,9.4,moderate snow,19,32.8,9.1,uncomfortable wind,1013.6,7:05:28,16:46:51,9h 41m 23s
24.01.2016,-7.7,2.2,-4.1,0,no,,18,5.0,comfortable wind,1011.3,7:04:41,16:48:07,9h 43m 26s
25.01.2016,-3.2,1.7,-0.6,0,no,,11.5,3.2,comfortable wind,1023.2,7:03:52,16:49:24,9h 45m 32s
26.01.2016,-2.1,10.6,2.6,0,no,203,23,6.4,uncomfortable wind,1015.6,7:03:01,16:50:40,9h 47m 39s
27.01.2016,-0.5,7.2,6.1,0,no,277,19.4,5.4,comfortable wind,1014.1,7:02:08,16:51:58,9h 49m 50s
28.01.2016,-3.2,5.6,1.1,0,no,206,13,3.6,comfortable wind,1013.7,7:01:13,16:53:15,9h 52m 2s
29.01.2016,0.6,5,2.1,0,no,,11.9,3.3,comfortable wind,999,7:00:16,16:54:33,9h 54m 17s
30.01.2016,-1,6.1,2.2,0,no,245,22,6.1,uncomfortable wind,1012.5,6:59:17,16:55:51,9h 56m 34s
31.01.2016,3.3,13.9,6.1,0,no,218,19.1,5.3,comfortable wind,1011.3,6:58:17,16:57:09,9h 58m 52s
01.02.2016,3.9,18.3,9.7,0,no,253,22.3,6.2,uncomfortable wind,1008.1,6:57:15,16:58:27,10h 1m 12s
02.02.2016,2.2,10,6.6,0,no,275,11.2,3.1,comfortable wind,1024.2,6:56:11,16:59:45,10h 3m 34s
03.02.2016,1.7,13.9,5.3,8.4,moderate rain,167,23.4,6.5,uncomfortable wind,,6:55:05,17:01:04,10h 5m 59s
04.02.2016,6.1,13.3,12.5,0.3,light rain,266,16.9,4.7,comfortable wind,1013.9,6:53:58,17:02:22,10h 8m 24s
05.02.2016,-3.8,6.1,2.8,24.4,heavy rain,333,21.6,6.0,uncomfortable wind,,6:52:49,17:03:40,10h 10m 51s
06.02.2016,-4.3,1.7,-1.8,0,no,247,16.9,4.7,comfortable wind,1026.1,6:51:38,17:04:59,10h 13m 21s
07.02.2016,-1.6,6.7,0.9,0,no,196,15.8,4.4,comfortable wind,1020.7,6:50:26,17:06:17,10h 15m 51s
08.02.2016,-7.7,3.3,-1.7,13.5,moderate snow,9,34.2,9.5,uncomfortable wind,1010.2,6:49:13,17:07:35,10h 18m 22s
09.02.2016,-6.6,-1.6,-5.2,0,no,,10.1,2.8,comfortable wind,1004.9,6:47:58,17:08:53,10h 20m 55s
10.02.2016,-6.6,2.2,-2,0,no,,10.8,3.0,comfortable wind,1002.3,6:46:41,17:10:11,10h 23m 30s
11.02.2016,-11.6,-0.5,-2.4,0.3,light snow,276,27,7.5,uncomfortable wind,1007.6,6:45:24,17:11:29,10h 26m 5s
12.02.2016,-13.2,-4.3,-9.7,0,no,252,18.7,5.2,comfortable wind,1018.7,6:44:05,17:12:47,10h 28m 42s
13.02.2016,-19.9,-4.3,-6.7,0,no,286,26.3,7.3,uncomfortable wind,1012.8,6:42:44,17:14:04,10h 31m 20s
14.02.2016,-22.7,-11,-17.7,0,no,297,27.7,7.7,uncomfortable wind,1027.8,6:41:22,17:15:22,10h 34m 0s
15.02.2016,-15.5,1.7,-11.6,6.6,moderate snow,,10.1,2.8,comfortable wind,1033.1,6:39:59,17:16:39,10h 36m 40s
16.02.2016,-0.5,12.2,4.3,16.8,moderate rain,,23,6.4,uncomfortable wind,,6:38:35,17:17:56,10h 39m 21s
17.02.2016,1.1,7.8,5.3,0,no,287,17.3,4.8,comfortable wind,1011.6,6:37:10,17:19:12,10h 42m 2s
18.02.2016,-4.3,1.7,0.4,0,no,313,19.4,5.4,comfortable wind,1026.6,6:35:43,17:20:28,10h 44m 45s
19.02.2016,-6.6,2.8,-2.4,0,no,,14.4,4.0,comfortable wind,1031.4,6:34:16,17:21:44,10h 47m 28s
20.02.2016,0.6,15.6,6.1,0.3,light rain,194,22.3,6.2,uncomfortable wind,1012.4,6:32:47,17:23:00,10h 50m 13s
21.02.2016,5.6,12.2,9.8,0,no,282,20.2,5.6,uncomfortable wind,1010.4,6:31:18,17:24:16,10h 52m 58s
22.02.2016,-1,6.1,4.3,0,no,30,13.3,3.7,comfortable wind,1019.9,6:29:47,17:25:31,10h 55m 44s
23.02.2016,-3.2,3.9,0.3,0,no,,18.4,5.1,comfortable wind,1029.9,6:28:16,17:26:46,10h 58m 30s
24.02.2016,3.3,13.9,3.8,15,moderate rain,43,19.4,5.4,comfortable wind,,6:26:43,17:28:01,11h 1m 18s
25.02.2016,5,16.7,12.1,20.6,heavy rain,205,35.6,9.9,uncomfortable wind,990.5,6:25:10,17:29:15,11h 4m 5s
26.02.2016,-3.2,5,3.5,0,no,286,30.6,8.5,uncomfortable wind,1003.9,6:23:36,17:30:29,11h 6m 53s
27.02.2016,-6,3.9,-1.9,0,no,,19.8,5.5,comfortable wind,1015.3,6:22:01,17:31:43,11h 9m 42s
28.02.2016,2.2,14.4,5.8,0,no,221,23.4,6.5,uncomfortable wind,1009.6,6:20:25,17:32:56,11h 12m 31s
29.02.2016,6.1,17.8,10.1,0,no,233,26.3,7.3,uncomfortable wind,1002.8,6:18:49,17:34:09,11h 15m 20s
01.03.2016,1.1,9.4,5.3,0,no,227,19.8,5.5,comfortable wind,1016.8,6:17:11,17:35:22,11h 18m 11s
02.03.2016,-3.8,11.7,6.1,9.4,moderate rain,254,31,8.6,uncomfortable wind,1003.5,6:15:34,17:36:35,11h 21m 1s
03.03.2016,-6,1.1,-2.6,0,no,308,15.5,4.3,comfortable wind,1021.4,6:13:55,17:37:47,11h 23m 52s
04.03.2016,-3.2,-0.5,-1.9,0.3,light snow,351,18.7,5.2,comfortable wind,1021.2,6:12:16,17:38:59,11h 26m 43s
05.03.2016,-4.9,1.1,-2.1,0,no,43,16.6,4.6,comfortable wind,1020.8,6:10:36,17:40:11,11h 29m 35s
06.03.2016,-1,5.6,1,0,no,,11.2,3.1,comfortable wind,1024.6,6:08:56,17:41:23,11h 32m 27s
07.03.2016,-1,10.6,3.6,0,no,,18.4,5.1,comfortable wind,1019.8,6:07:15,17:42:34,11h 35m 19s
08.03.2016,2.2,8.9,6.4,0,no,59,13.7,3.8,comfortable wind,1020.6,6:05:34,17:43:45,11h 38m 11s
09.03.2016,4.4,25,11.9,0,no,206,21.6,6.0,uncomfortable wind,1016.5,6:03:53,17:44:56,11h 41m 3s
10.03.2016,8.3,18.9,16.7,10.2,moderate rain,233,15.5,4.3,comfortable wind,,6:02:11,17:46:06,11h 43m 55s
11.03.2016,5,10,8.9,2.3,light rain,,11.2,3.1,comfortable wind,1017.4,6:00:28,17:47:16,11h 46m 48s
12.03.2016,2.2,15.6,7.3,0,no,237,18,5.0,comfortable wind,1021.1,5:58:46,17:48:26,11h 49m 40s
13.03.2016,7.2,17.2,12.4,0,no,,15.1,4.2,comfortable wind,,6:57:07,18:49:33,11h 52m 26s
14.03.2016,3.9,7.2,6,5.3,moderate rain,82,27.4,7.6,uncomfortable wind,1024.4,6:55:24,18:50:43,11h 55m 19s
15.03.2016,5,7.2,5.9,29,heavy rain,40,27.4,7.6,uncomfortable wind,1012.3,6:53:40,18:51:52,11h 58m 12s
16.03.2016,5,8.9,6.3,0.8,light rain,,13.3,3.7,comfortable wind,1010.2,6:51:56,18:53:02,12h 1m 6s
17.03.2016,6.1,17.8,9.5,1.8,light rain,,16.9,4.7,comfortable wind,1007.9,6:50:12,18:54:11,12h 3m 59s
18.03.2016,1.7,11.1,8.6,0.8,light rain,271,22.7,6.3,uncomfortable wind,1006,6:48:28,18:55:20,12h 6m 52s
19.03.2016,-1.6,7.2,2.8,0,no,314,18.4,5.1,comfortable wind,1017.5,6:46:44,18:56:28,12h 9m 44s
20.03.2016,-3.2,1.7,0.2,0.5,light rain,44,16.9,4.7,comfortable wind,1021.3,6:45:00,18:57:37,12h 12m 37s
21.03.2016,-2.1,6.7,0.8,5.6,moderate rain,329,16.2,4.5,comfortable wind,,6:43:16,18:58:46,12h 15m 30s
22.03.2016,0.6,9.4,4.3,0,no,256,24.1,6.7,uncomfortable wind,1015.7,6:41:31,18:59:54,12h 18m 23s
23.03.2016,5.6,17.2,9.3,0,no,225,18.7,5.2,comfortable wind,1014.3,6:39:47,19:01:02,12h 21m 15s
24.03.2016,2.2,6.1,4.6,0,no,62,26.3,7.3,uncomfortable wind,1021.7,6:38:02,19:02:10,12h 24m 8s
25.03.2016,2.8,7.8,3.8,4.1,light rain,,10.4,2.9,comfortable wind,1010.6,6:36:18,19:03:18,12h 27m 0s
26.03.2016,1.1,6.1,4.7,0,no,40,16.6,4.6,comfortable wind,1025.7,6:34:34,19:04:26,12h 29m 52s
27.03.2016,1.1,5.6,2.7,0,no,,12.2,3.4,comfortable wind,1028.8,6:32:50,19:05:34,12h 32m 44s
28.03.2016,3.3,8.3,4.6,10.4,moderate rain,94,18,5.0,comfortable wind,1007.7,6:31:06,19:06:42,12h 35m 36s
29.03.2016,3.3,10.6,7.5,0,no,295,33.1,9.2,uncomfortable wind,1005.6,6:29:22,19:07:50,12h 38m 28s
30.03.2016,1.1,15,6.7,0,no,245,19.4,5.4,comfortable wind,1023.1,6:27:39,19:08:57,12h 41m 18s
31.03.2016,6.1,21.7,12.8,0,no,213,36.7,10.2,uncomfortable wind,1013.4,6:25:55,19:10:05,12h 44m 10s
01.04.2016,15,20.6,17.3,1.3,light rain,210,28.8,8.0,uncomfortable wind,1002,6:24:12,19:11:13,12h 47m 1s
02.04.2016,5.6,15,11.6,8.1,moderate rain,224,14.4,4.0,comfortable wind,999.1,6:22:29,19:12:20,12h 49m 51s
03.04.2016,-1.6,6.1,3.3,12.4,moderate rain,,25.6,7.1,uncomfortable wind,999.8,6:20:47,19:13:28,12h 52m 41s
04.04.2016,-4.3,-1,-2.2,10.4,moderate snow,7,18,5.0,comfortable wind,,6:19:05,19:14:35,12h 55m 30s
05.04.2016,-5.5,2.8,-1.8,0,no,341,20.2,5.6,uncomfortable wind,1023.2,6:17:23,19:15:43,12h 58m 20s
06.04.2016,-3.8,5.6,0.7,0,no,201,16.2,4.5,comfortable wind,1025.3,6:15:42,19:16:50,13h 1m 8s
07.04.2016,5.6,14.4,9.4,26.2,heavy rain,175,26.6,7.4,uncomfortable wind,1006.1,6:14:02,19:17:58,13h 3m 56s
08.04.2016,2.8,11.7,9.6,0,no,237,24.1,6.7,uncomfortable wind,999.3,6:12:21,19:19:05,13h 6m 44s
09.04.2016,0,7.8,3.9,0,no,287,15.8,4.4,comfortable wind,1008,6:10:42,19:20:13,13h 9m 31s
10.04.2016,-0.5,9.4,3.9,0,no,285,19.1,5.3,comfortable wind,1021.3,6:09:03,19:21:20,13h 12m 17s
11.04.2016,5.6,15.6,8.9,0.3,light rain,195,27,7.5,uncomfortable wind,1021.9,6:07:24,19:22:28,13h 15m 4s
12.04.2016,6.1,15.6,12.8,5.6,moderate rain,239,25.6,7.1,uncomfortable wind,1016.4,6:05:46,19:23:36,13h 17m 50s
13.04.2016,3.3,10,7,0,no,10,16.6,4.6,comfortable wind,1027.3,6:04:09,19:24:43,13h 20m 34s
14.04.2016,3.3,9.4,6.1,0,no,26,16.9,4.7,comfortable wind,1028.2,6:02:32,19:25:51,13h 23m 19s
15.04.2016,3.3,12.2,7,0,no,26,18.4,5.1,comfortable wind,1030.1,6:00:56,19:26:58,13h 26m 2s
16.04.2016,5,12.2,8.2,0,no,,21.6,6.0,uncomfortable wind,1031.5,5:59:21,19:28:06,13h 28m 45s
17.04.2016,3.9,12.2,7.8,0,no,74,12.2,3.4,comfortable wind,1028.9,5:57:47,19:29:14,13h 31m 27s
18.04.2016,5.6,19.4,10.8,0,no,87,13.7,3.8,comfortable wind,1022.5,5:56:13,19:30:21,13h 34m 8s
19.04.2016,6.7,12.2,8.3,0.5,light rain,66,13.7,3.8,comfortable wind,1016.4,5:54:40,19:31:29,13h 36m 49s
20.04.2016,6.7,10.6,9.4,0,no,27,19.8,5.5,comfortable wind,1022,5:53:09,19:32:36,13h 39m 27s
21.04.2016,6.1,25,12.9,0,no,223,15.5,4.3,comfortable wind,1017.5,5:51:38,19:33:44,13h 42m 6s
22.04.2016,14.4,25.6,18.6,0,no,,12.6,3.5,comfortable wind,1011.6,5:50:08,19:34:51,13h 44m 43s
23.04.2016,8.9,17.8,15.3,2.3,light rain,315,13.3,3.7,comfortable wind,1009.5,5:48:39,19:35:59,13h 47m 20s
24.04.2016,5.6,10,9.1,0,no,57,15.5,4.3,comfortable wind,1016.3,5:47:11,19:37:06,13h 49m 55s
25.04.2016,6.7,13.9,9.1,0,no,156,7.2,2.0,comfortable wind,1015.9,5:45:44,19:38:13,13h 52m 29s
26.04.2016,2.8,10.6,7.3,6.9,moderate rain,40,21.6,6.0,uncomfortable wind,1010.8,5:44:18,19:39:21,13h 55m 3s
27.04.2016,2.8,16.7,7.3,0,no,239,15.8,4.4,comfortable wind,1011.1,5:42:53,19:40:28,13h 57m 35s
28.04.2016,5,12.2,9.2,0,no,343,16.9,4.7,comfortable wind,1016.5,5:41:30,19:41:35,14h 0m 5s
29.04.2016,6.1,10.6,8.4,0,no,120,19.8,5.5,comfortable wind,1020.9,5:40:07,19:42:42,14h 2m 35s
30.04.2016,5,12.8,9.2,0,no,157,17.3,4.8,comfortable wind,1022.9,5:38:46,19:43:49,14h 5m 3s
01.05.2016,6.1,11.7,9,2.5,light rain,164,11.9,3.3,comfortable wind,1023.5,5:37:26,19:44:55,14h 7m 29s
02.05.2016,6.1,10.6,8.1,9.9,moderate rain,,13,3.6,comfortable wind,,5:36:07,19:46:02,14h 9m 55s
03.05.2016,7.2,9.4,8.2,2.5,light rain,67,7.9,2.2,comfortable wind,1012.6,5:34:50,19:47:08,14h 12m 18s
04.05.2016,6.1,10,8,12.2,moderate rain,57,20.9,5.8,uncomfortable wind,1011.1,5:33:34,19:48:14,14h 14m 40s
05.05.2016,6.7,8.3,7.1,3.8,light rain,32,26.3,7.3,uncomfortable wind,1007.5,5:32:19,19:49:20,14h 17m 1s
06.05.2016,7.8,11.7,8.9,2.3,light rain,50,18.4,5.1,comfortable wind,1009.9,5:31:06,19:50:25,14h 19m 19s
07.05.2016,7.8,10.6,8.5,0,no,59,13,3.6,comfortable wind,1010.4,5:29:54,19:51:30,14h 21m 36s
08.05.2016,7.8,17.2,11.1,0.5,light rain,223,19.1,5.3,comfortable wind,1003.9,5:28:44,19:52:35,14h 23m 51s
09.05.2016,7.8,18.9,13,0,no,272,24.1,6.7,uncomfortable wind,1013.5,5:27:35,19:53:40,14h 26m 5s
10.05.2016,8.3,21.7,13.9,0,no,257,15.1,4.2,comfortable wind,1019.9,5:26:28,19:54:44,14h 28m 16s
11.05.2016,12.2,20,16.2,0,no,355,11.9,3.3,comfortable wind,1019.6,5:25:22,19:55:48,14h 30m 26s
12.05.2016,12.2,18.9,16.1,0,no,64,14.8,4.1,comfortable wind,1019.5,5:24:18,19:56:51,14h 32m 33s
13.05.2016,11.1,23.3,15.9,2.8,light rain,182,14.8,4.1,comfortable wind,1011.4,5:23:15,19:57:53,14h 34m 38s
14.05.2016,15,25,19,0,no,237,18.4,5.1,comfortable wind,1004.4,5:22:14,19:58:56,14h 36m 42s
15.05.2016,7.2,16.1,14.2,0,no,257,31.3,8.7,uncomfortable wind,,5:21:15,19:59:57,14h 38m 42s
16.05.2016,5.6,15,9.6,0,no,272,30.6,8.5,uncomfortable wind,1011.7,5:20:18,20:00:58,14h 40m 40s
17.05.2016,10,21.1,15.2,0,no,255,19.8,5.5,comfortable wind,1018.3,5:19:22,20:01:59,14h 42m 37s
18.05.2016,9.4,15,13.7,0,no,93,15.1,4.2,comfortable wind,1020.1,5:18:28,20:02:58,14h 44m 30s
19.05.2016,10,15.6,12.4,0,no,,10.8,3.0,comfortable wind,1019.6,5:17:36,20:03:57,14h 46m 21s
20.05.2016,10.6,21.7,15.4,0,no,251,14.4,4.0,comfortable wind,1021.6,5:16:46,20:04:55,14h 48m 9s
21.05.2016,11.7,24.4,17.8,0,no,204,13.7,3.8,comfortable wind,1018.7,5:15:58,20:05:53,14h 49m 55s
22.05.2016,11.1,16.7,14.1,0,no,,10.8,3.0,comfortable wind,1011.1,5:15:11,20:06:49,14h 51m 38s
23.05.2016,10.6,22.8,15.7,0,no,,9.4,2.6,comfortable wind,1012.7,5:14:27,20:07:45,14h 53m 18s
24.05.2016,11.1,15,13.2,6.6,moderate rain,35,16.6,4.6,comfortable wind,1013.5,5:13:44,20:08:40,14h 54m 56s
25.05.2016,11.7,31.1,17.1,0,no,,12.2,3.4,comfortable wind,1015,5:13:04,20:09:33,14h 56m 29s
26.05.2016,14.4,26.1,22.5,0,no,,13,3.6,comfortable wind,1017.8,5:12:25,20:10:26,14h 58m 1s
27.05.2016,14.4,22.8,16.6,0,no,,11.2,3.1,comfortable wind,1018.4,5:11:48,20:11:18,14h 59m 30s
28.05.2016,19.4,33.3,24.4,0,no,215,13.3,3.7,comfortable wind,1017.4,5:11:13,20:12:08,15h 0m 55s
29.05.2016,11.7,25,18.2,0,no,32,13.7,3.8,comfortable wind,1021.7,5:10:41,20:12:57,15h 2m 16s
30.05.2016,11.1,24.4,14.6,28.7,heavy rain,,11.5,3.2,comfortable wind,,5:10:10,20:13:46,15h 3m 36s
31.05.2016,20,30.6,24.2,0,no,254,18.4,5.1,comfortable wind,1012,5:09:42,20:14:32,15h 4m 50s
01.06.2016,13.9,22.8,20.4,0,no,45,15.5,4.3,comfortable wind,1020,5:09:15,20:15:18,15h 6m 3s
02.06.2016,13.3,16.7,14.4,0,no,74,15.1,4.2,comfortable wind,1022.6,5:08:51,20:16:02,15h 7m 11s
03.06.2016,13.9,21.1,15.7,0,no,124,13,3.6,comfortable wind,1017.8,5:08:29,20:16:45,15h 8m 16s
04.06.2016,16.1,21.1,18.4,0,no,112,10.4,2.9,comfortable wind,1014.9,5:08:08,20:17:27,15h 9m 19s
05.06.2016,15.6,20,17.8,23.1,heavy rain,145,13.7,3.8,comfortable wind,,5:07:50,20:18:07,15h 10m 17s
06.06.2016,18.3,28.9,22.2,0,no,241,16.9,4.7,comfortable wind,1002.3,5:07:34,20:18:45,15h 11m 11s
07.06.2016,17.2,30,23.6,3.8,light rain,,14.8,4.1,comfortable wind,998.7,5:07:20,20:19:22,15h 12m 2s
08.06.2016,13.9,23.3,19.2,0,no,285,25.2,7.0,uncomfortable wind,998.3,5:07:09,20:19:57,15h 12m 48s
09.06.2016,12.2,20.6,16.2,0,no,290,28.4,7.9,uncomfortable wind,1004.2,5:06:59,20:20:31,15h 13m 32s
10.06.2016,12.8,22.2,16.7,0,no,316,18,5.0,comfortable wind,1012.3,5:06:52,20:21:03,15h 14m 11s
11.06.2016,12.2,20,15.9,0.5,light rain,187,11.2,3.1,comfortable wind,1012.2,5:06:46,20:21:33,15h 14m 47s
12.06.2016,12.8,26.7,20.2,0,no,271,27.7,7.7,uncomfortable wind,1001.4,5:06:43,20:22:01,15h 15m 18s
13.06.2016,12.2,22.8,16.7,0,no,300,27,7.5,uncomfortable wind,1004.6,5:06:41,20:22:28,15h 15m 47s
14.06.2016,12.8,26.1,19.2,0,no,303,19.8,5.5,comfortable wind,1009,5:06:42,20:22:53,15h 16m 11s
15.06.2016,18.9,29.4,23.2,0,no,300,16.2,4.5,comfortable wind,1010.7,5:06:45,20:23:16,15h 16m 31s
16.06.2016,16.1,25,21.9,0,no,,11.2,3.1,comfortable wind,1008.7,5:06:50,20:23:37,15h 16m 47s
17.06.2016,15,23.3,19,3,light rain,110,13.3,3.7,comfortable wind,1014,5:06:57,20:23:56,15h 16m 59s
18.06.2016,15.6,22.2,19,0,no,103,15.8,4.4,comfortable wind,1023,5:07:06,20:24:13,15h 17m 7s
19.06.2016,13.9,27.8,19.8,0,no,196,18.7,5.2,comfortable wind,1025.8,5:07:17,20:24:28,15h 17m 11s
20.06.2016,15.6,28.3,21.6,0,no,202,20.5,5.7,uncomfortable wind,1018.8,5:07:30,20:24:41,15h 17m 11s
21.06.2016,17.8,30.6,23,0.5,light rain,240,20.9,5.8,uncomfortable wind,1007.3,5:07:45,20:24:52,15h 17m 7s
22.06.2016,17.8,25.6,22.3,0,no,,15.5,4.3,comfortable wind,1009.2,5:08:02,20:25:02,15h 17m 0s
23.06.2016,15.6,25,20.8,0,no,207,14.4,4.0,comfortable wind,1011.5,5:08:20,20:25:09,15h 16m 49s
24.06.2016,16.1,22.2,19.6,0,no,69,13.7,3.8,comfortable wind,1017.5,5:08:41,20:25:14,15h 16m 33s
25.06.2016,15,22.8,18.8,0,no,,10.1,2.8,comfortable wind,1022.5,5:09:03,20:25:16,15h 16m 13s
26.06.2016,15,28.9,20.9,0,no,165,15.5,4.3,comfortable wind,1021.9,5:09:28,20:25:17,15h 15m 49s
27.06.2016,17.8,30,23.1,0,no,204,24.5,6.8,uncomfortable wind,1017.6,5:09:53,20:25:16,15h 15m 23s
28.06.2016,20,26.1,22.7,2,light rain,191,16.9,4.7,comfortable wind,1014.9,5:10:21,20:25:12,15h 14m 51s
29.06.2016,19.4,30.6,23.5,0.8,light rain,188,13.7,3.8,comfortable wind,1011,5:10:50,20:25:07,15h 14m 17s
30.06.2016,20,27.2,23,0,no,326,15.8,4.4,comfortable wind,1014.1,5:11:22,20:24:59,15h 13m 37s